"Time","Active Users"
2020-10-13 23:00:00,46
2020-10-14 05:00:00,2
2020-10-14 11:00:00,87
2020-10-14 17:00:00,102
2020-10-14 23:00:00,51
2020-10-15 05:00:00,8
2020-10-15 11:00:00,75
2020-10-15 17:00:00,59
2020-10-15 23:00:00,43
2020-10-16 05:00:00,8
2020-10-16 11:00:00,114
2020-10-16 17:00:00,77
2020-10-16 23:00:00,62
2020-10-17 05:00:00,7
2020-10-17 11:00:00,26
2020-10-17 17:00:00,27
2020-10-17 23:00:00,22
2020-10-18 05:00:00,5
2020-10-18 11:00:00,28
2020-10-18 17:00:00,44
2020-10-18 23:00:00,41
2020-10-19 05:00:00,5
2020-10-19 11:00:00,80
2020-10-19 17:00:00,67
2020-10-19 23:00:00,55
2020-10-20 05:00:00,5
2020-10-20 11:00:00,48
2020-10-20 17:00:00,75
2020-10-20 23:00:00,45
2020-10-21 05:00:00,3
2020-10-21 11:00:00,86
2020-10-21 17:00:00,54
2020-10-21 23:00:00,44
2020-10-22 05:00:00,6
2020-10-22 11:00:00,51
2020-10-22 17:00:00,67
2020-10-22 23:00:00,56
2020-10-23 05:00:00,9
2020-10-23 11:00:00,59
2020-10-23 17:00:00,90
2020-10-23 23:00:00,67
2020-10-24 05:00:00,6
2020-10-24 11:00:00,41
2020-10-24 17:00:00,70
2020-10-24 23:00:00,35
2020-10-25 05:00:00,5
2020-10-25 11:00:00,45
2020-10-25 17:00:00,92
2020-10-25 23:00:00,36
2020-10-26 05:00:00,7
2020-10-26 11:00:00,75
2020-10-26 17:00:00,70
2020-10-26 23:00:00,44
2020-10-27 05:00:00,7
2020-10-27 11:00:00,52
2020-10-27 17:00:00,78
2020-10-27 23:00:00,81
2020-10-28 05:00:00,6
2020-10-28 11:00:00,124
2020-10-28 17:00:00,108
2020-10-28 23:00:00,42
2020-10-29 05:00:00,5
2020-10-29 11:00:00,72
2020-10-29 17:00:00,43
2020-10-29 23:00:00,37
2020-10-30 05:00:00,
2020-10-30 11:00:00,94
2020-10-30 17:00:00,57
2020-10-30 23:00:00,42
2020-10-31 05:00:00,4
2020-10-31 11:00:00,13
2020-10-31 17:00:00,22
2020-10-31 23:00:00,20
2020-11-01 04:00:00,6
2020-11-01 10:00:00,29
2020-11-01 16:00:00,33
2020-11-01 22:00:00,46
2020-11-02 04:00:00,8
2020-11-02 10:00:00,33
2020-11-02 16:00:00,42
2020-11-02 22:00:00,29
2020-11-03 04:00:00,3
2020-11-03 10:00:00,28
2020-11-03 16:00:00,29
2020-11-03 22:00:00,22
2020-11-04 04:00:00,5
2020-11-04 10:00:00,66
2020-11-04 16:00:00,87
2020-11-04 22:00:00,39
2020-11-05 04:00:00,4
2020-11-05 10:00:00,68
2020-11-05 16:00:00,38
2020-11-05 22:00:00,22
2020-11-06 04:00:00,5
2020-11-06 10:00:00,88
2020-11-06 16:00:00,51
2020-11-06 22:00:00,45
2020-11-07 04:00:00,6
2020-11-07 10:00:00,33
2020-11-07 16:00:00,23
2020-11-07 22:00:00,15
2020-11-08 04:00:00,2
2020-11-08 10:00:00,12
2020-11-08 16:00:00,27
2020-11-08 22:00:00,29
2020-11-09 04:00:00,2
2020-11-09 10:00:00,22
2020-11-09 16:00:00,42
2020-11-09 22:00:00,36
2020-11-10 04:00:00,4
2020-11-10 10:00:00,32
2020-11-10 16:00:00,43
2020-11-10 22:00:00,48
2020-11-11 04:00:00,3
2020-11-11 10:00:00,35
2020-11-11 16:00:00,66
2020-11-11 22:00:00,52
2020-11-12 04:00:00,9
2020-11-12 10:00:00,51
2020-11-12 16:00:00,71
2020-11-12 22:00:00,74
2020-11-13 04:00:00,5
2020-11-13 10:00:00,72
2020-11-13 16:00:00,95
2020-11-13 22:00:00,60
2020-11-14 04:00:00,4
2020-11-14 10:00:00,11
2020-11-14 16:00:00,32
2020-11-14 22:00:00,32
2020-11-15 04:00:00,3
2020-11-15 10:00:00,25
2020-11-15 16:00:00,50
2020-11-15 22:00:00,54
2020-11-16 04:00:00,5
2020-11-16 10:00:00,45
2020-11-16 16:00:00,71
2020-11-16 22:00:00,84
2020-11-17 04:00:00,5
2020-11-17 10:00:00,30
2020-11-17 16:00:00,51
2020-11-17 22:00:00,36
2020-11-18 04:00:00,10
2020-11-18 10:00:00,62
2020-11-18 16:00:00,118
2020-11-18 22:00:00,39
2020-11-19 04:00:00,
2020-11-19 10:00:00,
2020-11-19 16:00:00,
2020-11-19 22:00:00,
2020-11-20 04:00:00,
2020-11-20 10:00:00,
2020-11-20 16:00:00,
2020-11-20 22:00:00,
2020-11-21 04:00:00,
2020-11-21 10:00:00,
2020-11-21 16:00:00,
2020-11-21 22:00:00,
2020-11-22 04:00:00,
2020-11-22 10:00:00,
2020-11-22 16:00:00,
2020-11-22 22:00:00,
2020-11-23 04:00:00,2
2020-11-23 10:00:00,32
2020-11-23 16:00:00,35
2020-11-23 22:00:00,38
2020-11-24 04:00:00,1
2020-11-24 10:00:00,16
2020-11-24 16:00:00,28
2020-11-24 22:00:00,19
2020-11-25 04:00:00,1
2020-11-25 10:00:00,13
2020-11-25 16:00:00,21
2020-11-25 22:00:00,13
2020-11-26 04:00:00,1
2020-11-26 10:00:00,8
2020-11-26 16:00:00,6
2020-11-26 22:00:00,6
2020-11-27 04:00:00,
2020-11-27 10:00:00,9
2020-11-27 16:00:00,25
2020-11-27 22:00:00,16
2020-11-28 04:00:00,3
2020-11-28 10:00:00,6
2020-11-28 16:00:00,19
2020-11-28 22:00:00,17
2020-11-29 04:00:00,
2020-11-29 10:00:00,18
2020-11-29 16:00:00,50
2020-11-29 22:00:00,30
2020-11-30 04:00:00,4
2020-11-30 10:00:00,23
2020-11-30 16:00:00,48
2020-11-30 22:00:00,42
2020-12-01 04:00:00,1
2020-12-01 10:00:00,35
2020-12-01 16:00:00,39
2020-12-01 22:00:00,40
2020-12-02 04:00:00,8
2020-12-02 10:00:00,28
2020-12-02 16:00:00,40
2020-12-02 22:00:00,60
2020-12-03 04:00:00,8
2020-12-03 10:00:00,39
2020-12-03 16:00:00,47
2020-12-03 22:00:00,57
2020-12-04 04:00:00,8
2020-12-04 10:00:00,41
2020-12-04 16:00:00,64
2020-12-04 22:00:00,57
2020-12-05 04:00:00,6
2020-12-05 10:00:00,14
2020-12-05 16:00:00,24
2020-12-05 22:00:00,25
2020-12-06 04:00:00,2
2020-12-06 10:00:00,16
2020-12-06 16:00:00,36
2020-12-06 22:00:00,34
2020-12-07 04:00:00,5
2020-12-07 10:00:00,15
2020-12-07 16:00:00,42
2020-12-07 22:00:00,38
2020-12-08 04:00:00,1
2020-12-08 10:00:00,18
2020-12-08 16:00:00,32
2020-12-08 22:00:00,19
2020-12-09 04:00:00,2
2020-12-09 10:00:00,15
2020-12-09 16:00:00,33
2020-12-09 22:00:00,18
2020-12-10 04:00:00,3
2020-12-10 10:00:00,17
2020-12-10 16:00:00,21
2020-12-10 22:00:00,22
2020-12-11 04:00:00,
2020-12-11 10:00:00,12
2020-12-11 16:00:00,31
2020-12-11 22:00:00,23
2020-12-12 04:00:00,5
2020-12-12 10:00:00,12
2020-12-12 16:00:00,35
2020-12-12 22:00:00,22
2020-12-13 04:00:00,3
2020-12-13 10:00:00,16
2020-12-13 16:00:00,49
2020-12-13 22:00:00,45
2020-12-14 04:00:00,9
2020-12-14 10:00:00,25
2020-12-14 16:00:00,60
2020-12-14 22:00:00,150
2020-12-15 04:00:00,2
2020-12-15 10:00:00,16
2020-12-15 16:00:00,25
2020-12-15 22:00:00,9
2020-12-16 04:00:00,4
2020-12-16 10:00:00,10
2020-12-16 16:00:00,9
2020-12-16 22:00:00,8
2020-12-17 04:00:00,1
2020-12-17 10:00:00,7
2020-12-17 16:00:00,12
2020-12-17 22:00:00,6
2020-12-18 04:00:00,1
2020-12-18 10:00:00,14
2020-12-18 16:00:00,9
2020-12-18 22:00:00,8
2020-12-19 04:00:00,
2020-12-19 10:00:00,3
2020-12-19 16:00:00,3
2020-12-19 22:00:00,3
2020-12-20 04:00:00,
2020-12-20 10:00:00,3
2020-12-20 16:00:00,5
2020-12-20 22:00:00,1
2020-12-21 04:00:00,
2020-12-21 10:00:00,3
2020-12-21 16:00:00,5
2020-12-21 22:00:00,3
2020-12-22 04:00:00,
2020-12-22 10:00:00,3
2020-12-22 16:00:00,4
2020-12-22 22:00:00,3
2020-12-23 04:00:00,
2020-12-23 10:00:00,3
2020-12-23 16:00:00,3
2020-12-23 22:00:00,1
2020-12-24 04:00:00,
2020-12-24 10:00:00,1
2020-12-24 16:00:00,5
2020-12-24 22:00:00,1
2020-12-25 04:00:00,
2020-12-25 10:00:00,2
2020-12-25 16:00:00,3
2020-12-25 22:00:00,
2020-12-26 04:00:00,
2020-12-26 10:00:00,1
2020-12-26 16:00:00,6
2020-12-26 22:00:00,3
2020-12-27 04:00:00,
2020-12-27 10:00:00,2
2020-12-27 16:00:00,4
2020-12-27 22:00:00,6
2020-12-28 04:00:00,
2020-12-28 10:00:00,3
2020-12-28 16:00:00,4
2020-12-28 22:00:00,3
2020-12-29 04:00:00,
2020-12-29 10:00:00,5
2020-12-29 16:00:00,10
2020-12-29 22:00:00,7
2020-12-30 04:00:00,
2020-12-30 10:00:00,5
2020-12-30 16:00:00,4
2020-12-30 22:00:00,8
2020-12-31 04:00:00,
2020-12-31 10:00:00,4
2020-12-31 16:00:00,4
2020-12-31 22:00:00,2
2021-01-01 04:00:00,
2021-01-01 10:00:00,2
2021-01-01 16:00:00,3
2021-01-01 22:00:00,4
2021-01-02 04:00:00,
2021-01-02 10:00:00,6
2021-01-02 16:00:00,4
2021-01-02 22:00:00,4
2021-01-03 04:00:00,1
2021-01-03 10:00:00,4
2021-01-03 16:00:00,8
2021-01-03 22:00:00,7
2021-01-04 04:00:00,1
2021-01-04 10:00:00,7
2021-01-04 16:00:00,10
2021-01-04 22:00:00,5
2021-01-05 04:00:00,
2021-01-05 10:00:00,3
2021-01-05 16:00:00,9
2021-01-05 22:00:00,16
2021-01-06 04:00:00,
2021-01-06 10:00:00,3
2021-01-06 16:00:00,12
2021-01-06 22:00:00,11
2021-01-07 04:00:00,3
2021-01-07 10:00:00,7
2021-01-07 16:00:00,6
2021-01-07 22:00:00,12
2021-01-08 04:00:00,1
2021-01-08 10:00:00,5
2021-01-08 16:00:00,6
2021-01-08 22:00:00,12
2021-01-09 04:00:00,1
2021-01-09 10:00:00,6
2021-01-09 16:00:00,9
2021-01-09 22:00:00,11
2021-01-10 04:00:00,3
2021-01-10 10:00:00,15
2021-01-10 16:00:00,25
2021-01-10 22:00:00,23
2021-01-11 04:00:00,5
2021-01-11 10:00:00,7
2021-01-11 16:00:00,26
2021-01-11 22:00:00,23
2021-01-12 04:00:00,6
2021-01-12 10:00:00,11
2021-01-12 16:00:00,31
2021-01-12 22:00:00,15
2021-01-13 04:00:00,3
2021-01-13 10:00:00,8
2021-01-13 16:00:00,15
2021-01-13 22:00:00,14
2021-01-14 04:00:00,4
2021-01-14 10:00:00,9
2021-01-14 16:00:00,17
2021-01-14 22:00:00,5
2021-01-15 04:00:00,
2021-01-15 10:00:00,9
2021-01-15 16:00:00,9
2021-01-15 22:00:00,9
2021-01-16 04:00:00,5
2021-01-16 10:00:00,13
2021-01-16 16:00:00,22
2021-01-16 22:00:00,8
2021-01-17 04:00:00,3
2021-01-17 10:00:00,12
2021-01-17 16:00:00,22
2021-01-17 22:00:00,13
2021-01-18 04:00:00,3
2021-01-18 10:00:00,12
2021-01-18 16:00:00,29
2021-01-18 22:00:00,21
2021-01-19 04:00:00,2
2021-01-19 10:00:00,16
2021-01-19 16:00:00,23
2021-01-19 22:00:00,22
2021-01-20 04:00:00,4
2021-01-20 10:00:00,51
2021-01-20 16:00:00,76
2021-01-20 22:00:00,40
2021-01-21 04:00:00,3
2021-01-21 10:00:00,42
2021-01-21 16:00:00,48
2021-01-21 22:00:00,47
2021-01-22 04:00:00,3
2021-01-22 10:00:00,129
2021-01-22 16:00:00,122
2021-01-22 22:00:00,33
2021-01-23 04:00:00,4
2021-01-23 10:00:00,19
2021-01-23 16:00:00,33
2021-01-23 22:00:00,21
2021-01-24 04:00:00,3
2021-01-24 10:00:00,16
2021-01-24 16:00:00,44
2021-01-24 22:00:00,58
2021-01-25 04:00:00,3
2021-01-25 10:00:00,79
2021-01-25 16:00:00,62
2021-01-25 22:00:00,58
2021-01-26 04:00:00,9
2021-01-26 10:00:00,30
2021-01-26 16:00:00,68
2021-01-26 22:00:00,72
2021-01-27 04:00:00,3
2021-01-27 10:00:00,70
2021-01-27 16:00:00,47
2021-01-27 22:00:00,54
2021-01-28 04:00:00,4
2021-01-28 10:00:00,39
2021-01-28 16:00:00,71
2021-01-28 22:00:00,61
2021-01-29 04:00:00,7
2021-01-29 10:00:00,66
2021-01-29 16:00:00,143
2021-01-29 22:00:00,48
2021-01-30 04:00:00,8
2021-01-30 10:00:00,46
2021-01-30 16:00:00,33
2021-01-30 22:00:00,34
2021-01-31 04:00:00,5
2021-01-31 10:00:00,16
2021-01-31 16:00:00,40
2021-01-31 22:00:00,48
2021-02-01 04:00:00,8
2021-02-01 10:00:00,59
2021-02-01 16:00:00,68
2021-02-01 22:00:00,65
2021-02-02 04:00:00,10
2021-02-02 10:00:00,49
2021-02-02 16:00:00,89
2021-02-02 22:00:00,126
2021-02-03 04:00:00,4
2021-02-03 10:00:00,39
2021-02-03 16:00:00,57
2021-02-03 22:00:00,70
2021-02-04 04:00:00,6
2021-02-04 10:00:00,32
2021-02-04 16:00:00,101
2021-02-04 22:00:00,42
2021-02-05 04:00:00,5
2021-02-05 10:00:00,50
2021-02-05 16:00:00,111
2021-02-05 22:00:00,52
2021-02-06 04:00:00,9
2021-02-06 10:00:00,45
2021-02-06 16:00:00,30
2021-02-06 22:00:00,21
2021-02-07 04:00:00,3
2021-02-07 10:00:00,14
2021-02-07 16:00:00,43
2021-02-07 22:00:00,41
2021-02-08 04:00:00,4
2021-02-08 10:00:00,38
2021-02-08 16:00:00,61
2021-02-08 22:00:00,73
2021-02-09 04:00:00,3
2021-02-09 10:00:00,46
2021-02-09 16:00:00,90
2021-02-09 22:00:00,97
2021-02-10 04:00:00,4
2021-02-10 10:00:00,27
2021-02-10 16:00:00,39
2021-02-10 22:00:00,39
2021-02-11 04:00:00,5
2021-02-11 10:00:00,6
2021-02-11 16:00:00,44
2021-02-11 22:00:00,35
2021-02-12 04:00:00,6
2021-02-12 10:00:00,28
2021-02-12 16:00:00,45
2021-02-12 22:00:00,40
2021-02-13 04:00:00,1
2021-02-13 10:00:00,18
2021-02-13 16:00:00,27
2021-02-13 22:00:00,25
2021-02-14 04:00:00,2
2021-02-14 10:00:00,23
2021-02-14 16:00:00,46
2021-02-14 22:00:00,34
2021-02-15 04:00:00,3
2021-02-15 10:00:00,30
2021-02-15 16:00:00,77
2021-02-15 22:00:00,57
2021-02-16 04:00:00,7
2021-02-16 10:00:00,31
2021-02-16 16:00:00,75
2021-02-16 22:00:00,82
2021-02-17 04:00:00,10
2021-02-17 10:00:00,119
2021-02-17 16:00:00,72
2021-02-17 22:00:00,90
2021-02-18 04:00:00,11
2021-02-18 10:00:00,43
2021-02-18 16:00:00,80
2021-02-18 22:00:00,32
2021-02-19 04:00:00,4
2021-02-19 10:00:00,39
2021-02-19 16:00:00,106
2021-02-19 22:00:00,33
2021-02-20 04:00:00,4
2021-02-20 10:00:00,16
2021-02-20 16:00:00,47
2021-02-20 22:00:00,28
2021-02-21 04:00:00,8
2021-02-21 10:00:00,18
2021-02-21 16:00:00,37
2021-02-21 22:00:00,62
2021-02-22 04:00:00,5
2021-02-22 10:00:00,26
2021-02-22 16:00:00,70
2021-02-22 22:00:00,58
2021-02-23 04:00:00,18
2021-02-23 10:00:00,52
2021-02-23 16:00:00,77
2021-02-23 22:00:00,110
2021-02-24 04:00:00,5
2021-02-24 10:00:00,46
2021-02-24 16:00:00,61
2021-02-24 22:00:00,69
2021-02-25 04:00:00,7
2021-02-25 10:00:00,33
2021-02-25 16:00:00,75
2021-02-25 22:00:00,77
2021-02-26 04:00:00,6
2021-02-26 10:00:00,39
2021-02-26 16:00:00,133
2021-02-26 22:00:00,84
2021-02-27 04:00:00,18
2021-02-27 10:00:00,50
2021-02-27 16:00:00,65
2021-02-27 22:00:00,60
2021-02-28 04:00:00,12
2021-02-28 10:00:00,38
2021-02-28 16:00:00,99
2021-02-28 22:00:00,86
2021-03-01 04:00:00,7
2021-03-01 10:00:00,66
2021-03-01 16:00:00,102
2021-03-01 22:00:00,109
2021-03-02 04:00:00,8
2021-03-02 10:00:00,53
2021-03-02 16:00:00,114
2021-03-02 22:00:00,128
2021-03-03 04:00:00,2
2021-03-03 10:00:00,31
2021-03-03 16:00:00,43
2021-03-03 22:00:00,46
2021-03-04 04:00:00,5
2021-03-04 10:00:00,24
2021-03-04 16:00:00,49
2021-03-04 22:00:00,47
2021-03-05 04:00:00,5
2021-03-05 10:00:00,39
2021-03-05 16:00:00,115
2021-03-05 22:00:00,54
2021-03-06 04:00:00,8
2021-03-06 10:00:00,43
2021-03-06 16:00:00,35
2021-03-06 22:00:00,30
2021-03-07 04:00:00,10
2021-03-07 10:00:00,27
2021-03-07 16:00:00,46
2021-03-07 22:00:00,51
2021-03-08 04:00:00,4
2021-03-08 10:00:00,36
2021-03-08 16:00:00,84
2021-03-08 22:00:00,80
2021-03-09 04:00:00,20
2021-03-09 10:00:00,55
2021-03-09 16:00:00,93
2021-03-09 22:00:00,117
2021-03-10 04:00:00,6
2021-03-10 10:00:00,25
2021-03-10 16:00:00,42
2021-03-10 22:00:00,44
2021-03-11 04:00:00,3
2021-03-11 10:00:00,31
2021-03-11 16:00:00,74
2021-03-11 22:00:00,39
2021-03-12 04:00:00,2
2021-03-12 10:00:00,26
2021-03-12 16:00:00,121
2021-03-12 22:00:00,44
2021-03-13 04:00:00,5
2021-03-13 10:00:00,31
2021-03-13 16:00:00,31
2021-03-13 22:00:00,30
2021-03-14 05:00:00,5
2021-03-14 11:00:00,22
2021-03-14 17:00:00,45
2021-03-14 23:00:00,44
2021-03-15 05:00:00,8
2021-03-15 11:00:00,63
2021-03-15 17:00:00,69
2021-03-15 23:00:00,73
2021-03-16 05:00:00,5
2021-03-16 11:00:00,52
2021-03-16 17:00:00,79
2021-03-16 23:00:00,69
2021-03-17 05:00:00,5
2021-03-17 11:00:00,32
2021-03-17 17:00:00,64
2021-03-17 23:00:00,60
2021-03-18 05:00:00,7
2021-03-18 11:00:00,36
2021-03-18 17:00:00,73
2021-03-18 23:00:00,70
2021-03-19 05:00:00,10
2021-03-19 11:00:00,92
2021-03-19 17:00:00,76
2021-03-19 23:00:00,66
2021-03-20 05:00:00,13
2021-03-20 11:00:00,21
2021-03-20 17:00:00,18
2021-03-20 23:00:00,14
2021-03-21 05:00:00,2
2021-03-21 11:00:00,14
2021-03-21 17:00:00,15
2021-03-21 23:00:00,10
2021-03-22 05:00:00,1
2021-03-22 11:00:00,11
2021-03-22 17:00:00,15
2021-03-22 23:00:00,14
2021-03-23 05:00:00,
2021-03-23 11:00:00,14
2021-03-23 17:00:00,16
2021-03-23 23:00:00,9
2021-03-24 05:00:00,2
2021-03-24 11:00:00,10
2021-03-24 17:00:00,21
2021-03-24 23:00:00,19
2021-03-25 05:00:00,1
2021-03-25 11:00:00,10
2021-03-25 17:00:00,11
2021-03-25 23:00:00,14
2021-03-26 05:00:00,
2021-03-26 11:00:00,12
2021-03-26 17:00:00,16
2021-03-26 23:00:00,7
2021-03-27 05:00:00,1
2021-03-27 11:00:00,16
2021-03-27 17:00:00,21
2021-03-27 23:00:00,18
2021-03-28 05:00:00,1
2021-03-28 11:00:00,19
2021-03-28 17:00:00,29
2021-03-28 23:00:00,19
2021-03-29 05:00:00,1
2021-03-29 11:00:00,44
2021-03-29 17:00:00,39
2021-03-29 23:00:00,37
2021-03-30 05:00:00,5
2021-03-30 11:00:00,30
2021-03-30 17:00:00,53
2021-03-30 23:00:00,45
2021-03-31 05:00:00,4
2021-03-31 11:00:00,16
2021-03-31 17:00:00,44
2021-03-31 23:00:00,38
2021-04-01 05:00:00,5
2021-04-01 11:00:00,33
2021-04-01 17:00:00,45
2021-04-01 23:00:00,34
2021-04-02 05:00:00,3
2021-04-02 11:00:00,81
2021-04-02 17:00:00,120
2021-04-02 23:00:00,48
2021-04-03 05:00:00,5
2021-04-03 11:00:00,56
2021-04-03 17:00:00,44
2021-04-03 23:00:00,40
2021-04-04 05:00:00,6
2021-04-04 11:00:00,50
2021-04-04 17:00:00,54
2021-04-04 23:00:00,72
2021-04-05 05:00:00,7
2021-04-05 11:00:00,73
2021-04-05 17:00:00,118
2021-04-05 23:00:00,74
2021-04-06 05:00:00,6
2021-04-06 11:00:00,51
2021-04-06 17:00:00,102
2021-04-06 23:00:00,77
2021-04-07 05:00:00,3
2021-04-07 11:00:00,29
2021-04-07 17:00:00,61
2021-04-07 23:00:00,49
2021-04-08 05:00:00,6
2021-04-08 11:00:00,42
2021-04-08 17:00:00,67
2021-04-08 23:00:00,69
2021-04-09 05:00:00,3
2021-04-09 11:00:00,84
2021-04-09 17:00:00,135
2021-04-09 23:00:00,71
2021-04-10 05:00:00,5
2021-04-10 11:00:00,64
2021-04-10 17:00:00,63
2021-04-10 23:00:00,29
2021-04-11 05:00:00,6
2021-04-11 11:00:00,36
2021-04-11 17:00:00,64
2021-04-11 23:00:00,38
2021-04-12 05:00:00,4
2021-04-12 11:00:00,44
2021-04-12 17:00:00,63
2021-04-12 23:00:00,68
2021-04-13 05:00:00,8
2021-04-13 11:00:00,44
2021-04-13 17:00:00,90
2021-04-13 23:00:00,87
2021-04-14 05:00:00,6
2021-04-14 11:00:00,27
2021-04-14 17:00:00,53
2021-04-14 23:00:00,38

